Question text,Explannation,Correct Answer ID, Correct Answer
"What is Quality assurance (QA)?","Quality assurance (QA) is a systematic process of checking to see whether a product or service being developed is meeting specified requirements. It involves conducting various tests and evaluations to ensure that the product or service meets the desired quality standards. QA is important to identify any defects or issues in the development process and rectify them before the final product is released to the market. It helps in ensuring customer satisfaction and maintaining the reputation of the organization.",Answer 2,Any systematic process of checking to see whether a product or service being developed is meeting specified requirements
"What is Software Testing?","The correct answer is ""All above"" because software testing encompasses all the options mentioned. It is a process of executing a program or application to find bugs, evaluating a system to verify if it meets specified requirements, and determining if a program or system meets its required results. Therefore, all the given options are valid explanations for software testing.",Answer 8,All above
"Impact Analysis helps to decide:","Impact Analysis helps to determine how much regression testing should be done. It involves identifying the areas of the software that are likely to be affected by changes or updates and evaluating the potential impact on the existing functionality. By analyzing the impact, testers can prioritize the areas that require more extensive regression testing and allocate appropriate resources and time. This ensures that the right amount of regression testing is performed, focusing on the critical areas and reducing the risk of introducing new defects.",Answer 12,How much regression testing should be done?
"Unreachable code would best be found using:","Code reviews would be the best way to find unreachable code because during code reviews, other developers can analyze the code and identify any sections that are not being executed or are unreachable. This can be done by reviewing the logic of the code, checking for any conditional statements or loops that may prevent certain sections from being reached, and identifying any dead code or redundant statements. Code inspections, coverage tools, and static analysis tools may also help in detecting unreachable code, but they may not provide the same level of understanding and context as a thorough code review by experienced developers.",Answer 13,Code reviews
"The main focus of acceptance testing is:","Acceptance testing is a type of testing that evaluates whether a system meets the business requirements and is acceptable for delivery to the end users. It focuses on testing the system from a business perspective, ensuring that it aligns with the goals and objectives of the organization. This type of testing is typically performed by the users or stakeholders of the system, and it aims to validate that the system functions correctly and meets the needs of the business.",Answer 20,Testing for a business perspective
"Before launching software which testing is to be done in-house?","Before launching software, the testing that is typically done in-house is called Alpha testing. Alpha testing is performed by the software development team in a controlled environment to identify any bugs or issues before the software is released to a wider audience for further testing (such as Beta testing). This allows the team to fix any identified issues and ensure that the software is stable and functional before it is released to the public.",Answer 24,Alpha
"Non-functional system testing includes:","Non-functional system testing involves evaluating the quality attributes of the system, such as its performance and usability. This type of testing focuses on aspects other than the system's functional requirements, aiming to ensure that the system meets the desired levels of performance, reliability, scalability, and user-friendliness. By conducting non-functional system testing, organizations can identify and address any issues related to the system's performance or usability, thus enhancing the overall user experience and satisfaction.",Answer 28,"Testing quality attributes of the system, including performance and usability"
"What are the Types of Integration Testing?","The correct answer is ""All the above"" because all three options mentioned (Top Down Testing, Big Bang Testing, Bottom Up Testing) are types of integration testing. Top Down Testing involves testing the higher-level modules first and then gradually integrating the lower-level modules. Bottom Up Testing involves testing the lower-level modules first and then integrating the higher-level modules. Big Bang Testing involves testing all the modules together at once. Therefore, all three options are valid types of integration testing.",Answer 33,All the above
"Requirements/ Design Review, Test Planning, Test Environment Setup, Test Designing, Test Execution, and Test Reporting is called Software Testing Life Cycle (STLC)","The given statement is true. The sequence of activities mentioned, including requirements/design review, test planning, test environment setup, test designing, test execution, and test reporting, collectively form the Software Testing Life Cycle (STLC). These activities are performed in a systematic manner to ensure that the software being developed meets the desired quality standards.",Answer 34,True
"Requirement and Analysis, Design, Development or Coding, Testing, and Maintenance is called a Software Development Life Cycle (SDLC )","The statement is true because the Software Development Life Cycle (SDLC) consists of several phases, including requirement and analysis, design, development or coding, testing, and maintenance. These phases represent the sequential steps involved in the development of software, from understanding the requirements to maintaining and updating the software after its deployment. Therefore, the given statement accurately describes the SDLC.",Answer 36,True
